{"animation":{"version":4,"name":"Take 001","duration":1.8,"nodes":[{"name":"PB","defaults":{"p":[0,0.2575,-0.01459],"r":[-90,-110.675,0],"s":[0.01,0.01,0.01]},"keys":[{"t":0},{"t":0.1},{"t":0.2},{"t":0.3},{"t":0.4},{"t":0.5},{"t":0.6},{"t":0.7},{"t":0.8},{"t":0.9},{"t":1},{"t":1.1},{"t":1.2},{"t":1.3},{"t":1.4},{"t":1.5},{"t":1.6},{"t":1.7},{"t":1.8}]},{"name":"PB Pelvis","defaults":{"p":[0,0,0],"r":[-89.9989,-85,-0.00099184],"s":[1,1,1]},"keys":[{"t":0},{"t":0.1},{"t":0.2},{"t":0.3},{"t":0.4},{"t":0.5},{"t":0.6},{"t":0.7},{"t":0.8},{"t":0.9},{"t":1},{"t":1.1},{"t":1.2},{"t":1.3},{"t":1.4},{"t":1.5},{"t":1.6},{"t":1.7},{"t":1.8}]},{"name":"PB Spine","defaults":{"p":[3.02832,-0.270863,0.00194466],"r":[-18.1612,-3.21846,-9.10051],"s":[1,1,1]},"keys":[{"t":0},{"t":0.1},{"t":0.2},{"t":0.3},{"t":0.4},{"t":0.5},{"t":0.6},{"t":0.7},{"t":0.8},{"t":0.9},{"t":1},{"t":1.1},{"t":1.2},{"t":1.3},{"t":1.4},{"t":1.5},{"t":1.6},{"t":1.7},{"t":1.8}]},{"name":"PB Spine1","defaults":{"p":[7.82527,-0.00612974,-1.19209e-07],"r":[0.000658366,-0.0278937,-10.3717],"s":[1,1,1]},"keys":[{"t":0},{"t":0.1},{"t":0.2},{"t":0.3},{"t":0.4},{"t":0.5},{"t":0.6},{"t":0.7},{"t":0.8},{"t":0.9},{"t":1},{"t":1.1},{"t":1.2},{"t":1.3},{"t":1.4},{"t":1.5},{"t":1.6},{"t":1.7},{"t":1.8}]},{"name":"PB Spine2","defaults":{"p":[7.8282,-0.00738955,-4.76837e-07],"r":[0.00047751,-0.047904,13.7341],"s":[1,1,1]},"keys":[{"t":0},{"t":0.1},{"t":0.2},{"t":0.3},{"t":0.4},{"t":0.5},{"t":0.6},{"t":0.7},{"t":0.8},{"t":0.9},{"t":1},{"t":1.1},{"t":1.2},{"t":1.3},{"t":1.4},{"t":1.5},{"t":1.6},{"t":1.7},{"t":1.8}]},{"name":"PB Neck","defaults":{"p":[9.55816,-0.0109079,2.5034e-06],"r":[-0.0161062,-10.0001,29.0013],"s":[1,1,1]},"keys":[{"t":0},{"t":0.1},{"t":0.2},{"t":0.3},{"t":0.4},{"t":0.5},{"t":0.6},{"t":0.7},{"t":0.8},{"t":0.9},{"t":1},{"t":1.1},{"t":1.2},{"t":1.3},{"t":1.4},{"t":1.5},{"t":1.6},{"t":1.7},{"t":1.8}]},{"name":"PB Head","defaults":{"p":[15.5683,3.00888,0],"r":[33.789,7.32777,-23.4617],"s":[1,1,1]},"keys":[{"t":0},{"t":0.1},{"t":0.2},{"t":0.3},{"t":0.4},{"t":0.5},{"t":0.6},{"t":0.7},{"t":0.8},{"t":0.9},{"t":1},{"t":1.1},{"t":1.2},{"t":1.3},{"t":1.4},{"t":1.5},{"t":1.6},{"t":1.7},{"t":1.8}]},{"name":"PB HeadNub","defaults":{"p":[35.2355,-4.76837e-07,-2.38419e-07],"r":[1.33402e-08,-2.66804e-08,0],"s":[1,1,1]},"keys":[{"t":0},{"t":0.1},{"t":0.2},{"t":0.3},{"t":0.4},{"t":0.5},{"t":0.6},{"t":0.7},{"t":0.8},{"t":0.9},{"t":1},{"t":1.1},{"t":1.2},{"t":1.3},{"t":1.4},{"t":1.5},{"t":1.6},{"t":1.7},{"t":1.8}]},{"name":"PB L Clavicle","defaults":{"p":[0.160713,0.0122128,0.911441],"r":[153.789,-79.0077,-2.88161],"s":[1,1,1]},"keys":[{"t":0},{"t":0.1},{"t":0.2},{"t":0.3},{"t":0.4},{"t":0.5},{"t":0.6},{"t":0.7},{"t":0.8},{"t":0.9},{"t":1},{"t":1.1},{"t":1.2},{"t":1.3},{"t":1.4},{"t":1.5},{"t":1.6},{"t":1.7},{"t":1.8}]},{"name":"PB L UpperArm","defaults":{"p":[19.923,-2.38419e-07,0],"r":[4.64869,70.7292,6.88216],"s":[1,1,1]},"keys":[{"t":0},{"t":0.1},{"t":0.2},{"t":0.3},{"t":0.4},{"t":0.5},{"t":0.6},{"t":0.7},{"t":0.8},{"t":0.9},{"t":1},{"t":1.1},{"t":1.2},{"t":1.3},{"t":1.4},{"t":1.5},{"t":1.6},{"t":1.7},{"t":1.8}]},{"name":"PB L Forearm","defaults":{"p":[13.8063,-2.38419e-07,0],"r":[1.28066e-06,0,-19.036],"s":[1,1,1]},"keys":[{"t":0},{"t":0.1},{"t":0.2},{"t":0.3},{"t":0.4},{"t":0.5},{"t":0.6},{"t":0.7},{"t":0.8},{"t":0.9},{"t":1},{"t":1.1},{"t":1.2},{"t":1.3},{"t":1.4},{"t":1.5},{"t":1.6},{"t":1.7},{"t":1.8}]},{"name":"PB L Hand","defaults":{"p":[3.79202,9.53674e-07,0],"r":[-82.1581,2.27352,-5.61804],"s":[1,1,1]},"keys":[{"t":0},{"t":0.1},{"t":0.2},{"t":0.3},{"t":0.4},{"t":0.5},{"t":0.6},{"t":0.7},{"t":0.8},{"t":0.9},{"t":1},{"t":1.1},{"t":1.2},{"t":1.3},{"t":1.4},{"t":1.5},{"t":1.6},{"t":1.7},{"t":1.8}]},{"name":"PB L Finger0","defaults":{"p":[13.057,-0.216808,-5.92829],"r":[43.4304,46.1157,13.3111],"s":[1,1,1]},"keys":[{"t":0},{"t":0.1},{"t":0.2},{"t":0.3},{"t":0.4},{"t":0.5},{"t":0.6},{"t":0.7},{"t":0.8},{"t":0.9},{"t":1},{"t":1.1},{"t":1.2},{"t":1.3},{"t":1.4},{"t":1.5},{"t":1.6},{"t":1.7},{"t":1.8}]},{"name":"PB L Finger01","defaults":{"p":[4.2558,0,1.90735e-06],"r":[0,1.70755e-06,47.5],"s":[1,1,1]},"keys":[{"t":0},{"t":0.1},{"t":0.2},{"t":0.3},{"t":0.4},{"t":0.5},{"t":0.6},{"t":0.7},{"t":0.8},{"t":0.9},{"t":1},{"t":1.1},{"t":1.2},{"t":1.3},{"t":1.4},{"t":1.5},{"t":1.6},{"t":1.7},{"t":1.8}]},{"name":"PB L Finger0Nub","defaults":{"p":[3.64372,0,-9.53674e-07],"r":[0,3.41509e-06,0],"s":[1,1,1]},"keys":[{"t":0},{"t":0.1},{"t":0.2},{"t":0.3},{"t":0.4},{"t":0.5},{"t":0.6},{"t":0.7},{"t":0.8},{"t":0.9},{"t":1},{"t":1.1},{"t":1.2},{"t":1.3},{"t":1.4},{"t":1.5},{"t":1.6},{"t":1.7},{"t":1.8}]},{"name":"PB L Finger1","defaults":{"p":[15.3884,-0.000892639,-1.12594],"r":[1.11611,8.17566,8.11536],"s":[1,1,1]},"keys":[{"t":0},{"t":0.1},{"t":0.2},{"t":0.3},{"t":0.4},{"t":0.5},{"t":0.6},{"t":0.7},{"t":0.8},{"t":0.9},{"t":1},{"t":1.1},{"t":1.2},{"t":1.3},{"t":1.4},{"t":1.5},{"t":1.6},{"t":1.7},{"t":1.8}]},{"name":"PB L Finger11","defaults":{"p":[5.0402,3.8147e-06,3.8147e-06],"r":[-1.90065,0.433427,19.5475],"s":[1,1,1]},"keys":[{"t":0},{"t":0.1},{"t":0.2},{"t":0.3},{"t":0.4},{"t":0.5},{"t":0.6},{"t":0.7},{"t":0.8},{"t":0.9},{"t":1},{"t":1.1},{"t":1.2},{"t":1.3},{"t":1.4},{"t":1.5},{"t":1.6},{"t":1.7},{"t":1.8}]},{"name":"PB L Finger1Nub","defaults":{"p":[5.09776,1.90735e-06,-9.53674e-07],"r":[-1.28066e-06,1.70755e-06,0],"s":[1,1,1]},"keys":[{"t":0},{"t":0.1},{"t":0.2},{"t":0.3},{"t":0.4},{"t":0.5},{"t":0.6},{"t":0.7},{"t":0.8},{"t":0.9},{"t":1},{"t":1.1},{"t":1.2},{"t":1.3},{"t":1.4},{"t":1.5},{"t":1.6},{"t":1.7},{"t":1.8}]},{"name":"PB L Finger2","defaults":{"p":[16.097,0.00286102,3.59262],"r":[-0.0452415,0.00589616,7.42308],"s":[1,1,1]},"keys":[{"t":0},{"t":0.1},{"t":0.2},{"t":0.3},{"t":0.4},{"t":0.5},{"t":0.6},{"t":0.7},{"t":0.8},{"t":0.9},{"t":1},{"t":1.1},{"t":1.2},{"t":1.3},{"t":1.4},{"t":1.5},{"t":1.6},{"t":1.7},{"t":1.8}]},{"name":"PB L Finger21","defaults":{"p":[4.64717,0,-4.76837e-07],"r":[-1.68678,0.309541,19.8055],"s":[1,1,1]},"keys":[{"t":0},{"t":0.1},{"t":0.2},{"t":0.3},{"t":0.4},{"t":0.5},{"t":0.6},{"t":0.7},{"t":0.8},{"t":0.9},{"t":1},{"t":1.1},{"t":1.2},{"t":1.3},{"t":1.4},{"t":1.5},{"t":1.6},{"t":1.7},{"t":1.8}]},{"name":"PB L Finger2Nub","defaults":{"p":[4.82355,-1.90735e-06,-4.76837e-07],"r":[3.41509e-06,0,-8.53774e-07],"s":[1,1,1]},"keys":[{"t":0},{"t":0.1},{"t":0.2},{"t":0.3},{"t":0.4},{"t":0.5},{"t":0.6},{"t":0.7},{"t":0.8},{"t":0.9},{"t":1},{"t":1.1},{"t":1.2},{"t":1.3},{"t":1.4},{"t":1.5},{"t":1.6},{"t":1.7},{"t":1.8}]},{"name":"PB R Clavicle","defaults":{"p":[-0.160706,0.0127296,-0.91144],"r":[-148.126,99.5174,2.87254],"s":[1,1,1]},"keys":[{"t":0},{"t":0.1},{"t":0.2},{"t":0.3},{"t":0.4},{"t":0.5},{"t":0.6},{"t":0.7},{"t":0.8},{"t":0.9},{"t":1},{"t":1.1},{"t":1.2},{"t":1.3},{"t":1.4},{"t":1.5},{"t":1.6},{"t":1.7},{"t":1.8}]},{"name":"PB R UpperArm","defaults":{"p":[19.923,1.43051e-06,-3.8147e-06],"r":[-24.7403,-76.3177,26.2194],"s":[1,1,1]},"keys":[{"t":0},{"t":0.1},{"t":0.2},{"t":0.3},{"t":0.4},{"t":0.5},{"t":0.6},{"t":0.7},{"t":0.8},{"t":0.9},{"t":1},{"t":1.1},{"t":1.2},{"t":1.3},{"t":1.4},{"t":1.5},{"t":1.6},{"t":1.7},{"t":1.8}]},{"name":"PB R Forearm","defaults":{"p":[13.8063,-1.90735e-06,0],"r":[8.53774e-07,5.97642e-06,-26.0375],"s":[1,1,1]},"keys":[{"t":0},{"t":0.1},{"t":0.2},{"t":0.3},{"t":0.4},{"t":0.5},{"t":0.6},{"t":0.7},{"t":0.8},{"t":0.9},{"t":1},{"t":1.1},{"t":1.2},{"t":1.3},{"t":1.4},{"t":1.5},{"t":1.6},{"t":1.7},{"t":1.8}]},{"name":"PB R Hand","defaults":{"p":[3.79202,1.90735e-06,0],"r":[74.1045,3.12393,4.15544],"s":[1,1,1]},"keys":[{"t":0},{"t":0.1},{"t":0.2},{"t":0.3},{"t":0.4},{"t":0.5},{"t":0.6},{"t":0.7},{"t":0.8},{"t":0.9},{"t":1},{"t":1.1},{"t":1.2},{"t":1.3},{"t":1.4},{"t":1.5},{"t":1.6},{"t":1.7},{"t":1.8}]},{"name":"PB R Finger0","defaults":{"p":[13.057,-0.216808,5.92828],"r":[-43.4245,-46.1087,13.3018],"s":[1,1,1]},"keys":[{"t":0},{"t":0.1},{"t":0.2},{"t":0.3},{"t":0.4},{"t":0.5},{"t":0.6},{"t":0.7},{"t":0.8},{"t":0.9},{"t":1},{"t":1.1},{"t":1.2},{"t":1.3},{"t":1.4},{"t":1.5},{"t":1.6},{"t":1.7},{"t":1.8}]},{"name":"PB R Finger01","defaults":{"p":[4.2558,0,9.53674e-07],"r":[1.28066e-06,1.70755e-06,47],"s":[1,1,1]},"keys":[{"t":0},{"t":0.1},{"t":0.2},{"t":0.3},{"t":0.4},{"t":0.5},{"t":0.6},{"t":0.7},{"t":0.8},{"t":0.9},{"t":1},{"t":1.1},{"t":1.2},{"t":1.3},{"t":1.4},{"t":1.5},{"t":1.6},{"t":1.7},{"t":1.8}]},{"name":"PB R Finger0Nub","defaults":{"p":[3.64371,0,-9.53674e-07],"r":[-2.77476e-06,1.70755e-06,180],"s":[-1,-1,-1]},"keys":[{"t":0},{"t":0.1},{"t":0.2},{"t":0.3},{"t":0.4},{"t":0.5},{"t":0.6},{"t":0.7},{"t":0.8},{"t":0.9},{"t":1},{"t":1.1},{"t":1.2},{"t":1.3},{"t":1.4},{"t":1.5},{"t":1.6},{"t":1.7},{"t":1.8}]},{"name":"PB R Finger1","defaults":{"p":[15.3884,-0.000900269,1.12594],"r":[-1.11611,-8.17565,8.11536],"s":[1,1,1]},"keys":[{"t":0},{"t":0.1},{"t":0.2},{"t":0.3},{"t":0.4},{"t":0.5},{"t":0.6},{"t":0.7},{"t":0.8},{"t":0.9},{"t":1},{"t":1.1},{"t":1.2},{"t":1.3},{"t":1.4},{"t":1.5},{"t":1.6},{"t":1.7},{"t":1.8}]},{"name":"PB R Finger11","defaults":{"p":[5.0402,0,-3.8147e-06],"r":[0.00777756,0.0118811,17.9924],"s":[1,1,1]},"keys":[{"t":0},{"t":0.1},{"t":0.2},{"t":0.3},{"t":0.4},{"t":0.5},{"t":0.6},{"t":0.7},{"t":0.8},{"t":0.9},{"t":1},{"t":1.1},{"t":1.2},{"t":1.3},{"t":1.4},{"t":1.5},{"t":1.6},{"t":1.7},{"t":1.8}]},{"name":"PB R Finger1Nub","defaults":{"p":[5.09776,-3.8147e-06,1.43051e-06],"r":[0,0,-180],"s":[-1,-1,-1]},"keys":[{"t":0},{"t":0.1},{"t":0.2},{"t":0.3},{"t":0.4},{"t":0.5},{"t":0.6},{"t":0.7},{"t":0.8},{"t":0.9},{"t":1},{"t":1.1},{"t":1.2},{"t":1.3},{"t":1.4},{"t":1.5},{"t":1.6},{"t":1.7},{"t":1.8}]},{"name":"PB R Finger2","defaults":{"p":[16.097,0.00286102,-3.59261],"r":[0.0452404,-0.00589531,7.42308],"s":[1,1,1]},"keys":[{"t":0},{"t":0.1},{"t":0.2},{"t":0.3},{"t":0.4},{"t":0.5},{"t":0.6},{"t":0.7},{"t":0.8},{"t":0.9},{"t":1},{"t":1.1},{"t":1.2},{"t":1.3},{"t":1.4},{"t":1.5},{"t":1.6},{"t":1.7},{"t":1.8}]},{"name":"PB R Finger21","defaults":{"p":[4.64717,0,-1.90735e-06],"r":[0.0086277,0.0115191,17.9927],"s":[1,1,1]},"keys":[{"t":0},{"t":0.1},{"t":0.2},{"t":0.3},{"t":0.4},{"t":0.5},{"t":0.6},{"t":0.7},{"t":0.8},{"t":0.9},{"t":1},{"t":1.1},{"t":1.2},{"t":1.3},{"t":1.4},{"t":1.5},{"t":1.6},{"t":1.7},{"t":1.8}]},{"name":"PB R Finger2Nub","defaults":{"p":[4.82354,3.8147e-06,-4.76837e-07],"r":[1.60083e-07,0,-180],"s":[-1,-1,-1]},"keys":[{"t":0},{"t":0.1},{"t":0.2},{"t":0.3},{"t":0.4},{"t":0.5},{"t":0.6},{"t":0.7},{"t":0.8},{"t":0.9},{"t":1},{"t":1.1},{"t":1.2},{"t":1.3},{"t":1.4},{"t":1.5},{"t":1.6},{"t":1.7},{"t":1.8}]},{"name":"PB L Thigh","defaults":{"p":[-2.57542,-2.76419,7.74794],"r":[-26.6124,-157.138,-17.071],"s":[1,1,1]},"keys":[{"t":0},{"t":0.1},{"t":0.2},{"t":0.3},{"t":0.4},{"t":0.5},{"t":0.6},{"t":0.7},{"t":0.8},{"t":0.9},{"t":1},{"t":1.1},{"t":1.2},{"t":1.3},{"t":1.4},{"t":1.5},{"t":1.6},{"t":1.7},{"t":1.8}]},{"name":"PB L Calf","defaults":{"p":[10.6618,9.53674e-07,-9.53674e-07],"r":[-1.81427e-06,-8.53774e-07,-37.8845],"s":[1,1,1]},"keys":[{"t":0},{"t":0.1},{"t":0.2},{"t":0.3},{"t":0.4},{"t":0.5},{"t":0.6},{"t":0.7},{"t":0.8},{"t":0.9},{"t":1},{"t":1.1},{"t":1.2},{"t":1.3},{"t":1.4},{"t":1.5},{"t":1.6},{"t":1.7},{"t":1.8}]},{"name":"PB L Foot","defaults":{"p":[8.19998,0,1.90735e-06],"r":[-10.6585,-7.4153,8.76059],"s":[1,1,1]},"keys":[{"t":0},{"t":0.1},{"t":0.2},{"t":0.3},{"t":0.4},{"t":0.5},{"t":0.6},{"t":0.7},{"t":0.8},{"t":0.9},{"t":1},{"t":1.1},{"t":1.2},{"t":1.3},{"t":1.4},{"t":1.5},{"t":1.6},{"t":1.7},{"t":1.8}]},{"name":"PB L Toe0","defaults":{"p":[3.04093,3.91354,9.53674e-07],"r":[0,8.00427e-08,90],"s":[1,1,1]},"keys":[{"t":0},{"t":0.1},{"t":0.2},{"t":0.3},{"t":0.4},{"t":0.5},{"t":0.6},{"t":0.7},{"t":0.8},{"t":0.9},{"t":1},{"t":1.1},{"t":1.2},{"t":1.3},{"t":1.4},{"t":1.5},{"t":1.6},{"t":1.7},{"t":1.8}]},{"name":"PB L Toe0Nub","defaults":{"p":[0.396643,0,0],"r":[0,-8.00427e-08,-180],"s":[-1,-1,-1]},"keys":[{"t":0},{"t":0.1},{"t":0.2},{"t":0.3},{"t":0.4},{"t":0.5},{"t":0.6},{"t":0.7},{"t":0.8},{"t":0.9},{"t":1},{"t":1.1},{"t":1.2},{"t":1.3},{"t":1.4},{"t":1.5},{"t":1.6},{"t":1.7},{"t":1.8}]},{"name":"PB R Thigh","defaults":{"p":[-3.48131,2.25727,-7.55989],"r":[-9.58374,173.452,-11.4993],"s":[1,1,1]},"keys":[{"t":0},{"t":0.1},{"t":0.2},{"t":0.3},{"t":0.4},{"t":0.5},{"t":0.6},{"t":0.7},{"t":0.8},{"t":0.9},{"t":1},{"t":1.1},{"t":1.2},{"t":1.3},{"t":1.4},{"t":1.5},{"t":1.6},{"t":1.7},{"t":1.8}]},{"name":"PB R Calf","defaults":{"p":[10.6618,0,1.90735e-06],"r":[-8.53774e-07,-4.26887e-06,-43.6565],"s":[1,1,1]},"keys":[{"t":0},{"t":0.1},{"t":0.2},{"t":0.3},{"t":0.4},{"t":0.5},{"t":0.6},{"t":0.7},{"t":0.8},{"t":0.9},{"t":1},{"t":1.1},{"t":1.2},{"t":1.3},{"t":1.4},{"t":1.5},{"t":1.6},{"t":1.7},{"t":1.8}]},{"name":"PB R Foot","defaults":{"p":[8.19998,9.53674e-07,-9.53674e-07],"r":[6.83804,9.94169,27.912],"s":[1,1,1]},"keys":[{"t":0},{"t":0.1},{"t":0.2},{"t":0.3},{"t":0.4},{"t":0.5},{"t":0.6},{"t":0.7},{"t":0.8},{"t":0.9},{"t":1},{"t":1.1},{"t":1.2},{"t":1.3},{"t":1.4},{"t":1.5},{"t":1.6},{"t":1.7},{"t":1.8}]},{"name":"PB R Toe0","defaults":{"p":[3.04094,3.91354,-9.53674e-07],"r":[-1.06722e-07,4.96089e-06,90],"s":[1,1,1]},"keys":[{"t":0},{"t":0.1},{"t":0.2},{"t":0.3},{"t":0.4},{"t":0.5},{"t":0.6},{"t":0.7},{"t":0.8},{"t":0.9},{"t":1},{"t":1.1},{"t":1.2},{"t":1.3},{"t":1.4},{"t":1.5},{"t":1.6},{"t":1.7},{"t":1.8}]},{"name":"PB R Toe0Nub","defaults":{"p":[0.396642,4.76837e-07,0],"r":[-1.06722e-07,4.96089e-06,0],"s":[1,1,1]},"keys":[{"t":0},{"t":0.1},{"t":0.2},{"t":0.3},{"t":0.4},{"t":0.5},{"t":0.6},{"t":0.7},{"t":0.8},{"t":0.9},{"t":1},{"t":1.1},{"t":1.2},{"t":1.3},{"t":1.4},{"t":1.5},{"t":1.6},{"t":1.7},{"t":1.8}]}]}}